method	fold	r50	r200	r1000
char_tfidf	0	0.2919	0.4654	0.6763
char_tfidf	1	0.3036	0.4536	0.6617
char_tfidf_fields	0	0.2724	0.4389	0.6672
char_tfidf_fields	1	0.2663	0.4242	0.6591
fields+place	0	0.2874	0.4550	0.6805
fields+place	1	0.2723	0.4414	0.6702
kind+type+place	0	0.2859	0.4464	0.6566
kind+type+place	1	0.2816	0.4362	0.6520
char_tfidf_geo	0	0.6568	0.7621	0.8774
char_tfidf_geo	1	0.6699	0.7644	0.8725
char_tfidf_geo_mc	0	0.7449	0.8482	0.9313
char_tfidf_geo_mc	1	0.7444	0.8525	0.9334
char_tfidf_geo_mc	0	0.7449	0.8482	0.9313
char_tfidf_geo_mc	1	0.7444	0.8525	0.9334
hybrid_geo_mc	0	0.7740	0.8728	0.9513
hybrid_geo_mc	1	0.7740	0.8769	0.9504
hybrid_geo_mc	0	0.7728	0.8723	0.9513
hybrid_geo_mc	1	0.7740	0.8764	0.9504
